Lista: 2025 - CDD - LISTA 1 - TRABALHOS PREPARAT√ìRIOS E TRATAMENTO DE OBJETOS,,,,,,
N¬∫,Item de Verifica√ß√£o,Peso,Tipo,NA,Orienta√ß√£o,Refer√™ncia
1,√â realizado o acompanhamento constante de cada etapa do processo produtivo interno? Aspectos: Produtividade e Prioridade,4,N,N,"OBJETIVO DO ITEM: Assegurar que as atividades ocorram sob o acompanhamento dos gestores. FORMA DE AVALIAR: 1. Verificar se os supervisores presentes acompanham as etapas do processo produtivo interno: a) o recebimento da(s) linha(s) de transporte (LTR/LTU/LTN); b) execu√ß√£o das atividades coletivas (TD/SL e Ordenamento) dos distritos postais em CDD, e a indu√ß√£o de objetos qualificados, na ATOE e √°rea de tratamento de encomendas. 2. Considerar N√£o Conforme se alguma das etapas n√£o for acompanhada por nenhum gestor. PONTO DE VERIFICA√á√ÉO: √?rea de Carga e Descarga, Sal√£o Operacional, ATOE e √°rea de tratamento de encomendas. PER√?ODO: Nos dias da verifica√ß√£o. AMOSTRA: Recebimento da Carga, Etapas de triagem/indu√ß√£o. MARGEM DE TOLER√ÇNCIA: N√£o h√°.",MANORG 11/6 e 7 MANDIS 2/1 anexo 2
2,Os equipamentos est√£o etiquetados/rotulados/identificados de acordo com o padr√£o estabelecido? Aspectos: Informa√ß√£o e Produtividade. PONTO DE VERIFICA√á√ÉO: Sal√£o Operacional. PER√?ODO: Nos dias da verifica√ß√£o. AMOSTRA: Todos os equipamentos. MARGEM DE TOLER√ÇNCIA: N√£o h√°.,2,N,N,"OBJETIVO DO ITEM: Realizar gest√£o visual e gerar ganho no processo.FORMA DE AVALIAR: (Considerar unitizadores com carga de objetos de altern√¢ncia, antecipada, etc.) 1. No CDD, verificar: a) No Sal√£o Operacional, se as mesas para carteiro: I - t√™m as etiquetas de primeira e segunda triagens ou TD e SL, conforme o padr√£o estabelecido; II - nas etiquetas de SL/2¬™ triagens constam a marca√ß√£o de prioriza√ß√£o de DA e GU, quando houver. b) se as mesas da √°rea de encomendas possuem as etiquetas de acordo com a posi√ß√£o indicada pelo SRO. 2. Considerar Conforme em unidades cujos distritos tenham excesso de quebra da faixa de CEP, mas a unidade disponibilize na parte interna do escaninho. 3. Na ATOE poder√£o ser utilizadas etiquetas nas cores verde e branco (padr√£o do DDA) visando uma melhor gest√£o visual do processo. 4. No CEE e CDD verificar se as dire√ß√µes das esta√ß√µes de pr√©-triagem, triagem e expedi√ß√£o est√£o identificadas em todos os equipamentos utilizados.",MANORG 11/6 e 7 MANDIS 2/1 anexo 2 MANPOC 15/1 anexo 3 MANCOP 15/7 anexo 2 Cartilha 5 Ps.
3,"Os objetos s√£o manuseados/tratados de forma a preservar sua integridade ao longo de todo o processo? Aspectos:Produtividade, Seguran√ßa e Ergonomia",3,N,N,"OBJETIVO DO ITEM: Garantir a integridade da carga e a produtividade do processo. FORMA DE AVALIAR: 1. Verificar se: a) os objetos s√£o colocados (e n√£o jogados) dentro/sobre os equipamentos (unitizadores, carrinhos, MMU etc.); b) os objetos n√£o s√£o dobrados formando vincos; c) os pacotes e malotes s√£o faceados, e os envelopes s√£o encabe√ßados e faceados; d) a carga de envelopes/pequenos pacotes est√° organizada nas caixetas ou nos locais definidos na unidade. 2. N√£o considerar objetos fora do padr√£o que impossibilitem o faceamento (cilindros, esferas, grandes formatos, dentre outros). PONTO DE VERIFICA√á√ÉO: Toda a unidade. PER√?ODO: Nos dias da verifica√ß√£o AMOSTRA: Todos os objetos. TOLER√ÇNCIA: N√£o h√°.",MANDIS 2/2 MANDIS 2/1 anexo 2
4,O tratamento e a organiza√ß√£o dos unitizadores esvaziados √© feito conforme o previsto? Aspectos: Produtividade e Informa√ß√£o,2,N,N,"OBJETIVO DO ITEM: Evitar res√≠duo de objetos nos unitizadores. FORMA DE AVALIAR: 1. Observar durante o processo de abertura, e imediatamente ap√≥s serem esvaziados, se: a) as malas e os sambags s√£o avessados, as caixetas emborcadas; b) n√£o h√° quaisquer res√≠duos nos CDL/CAF; c) bases, tampas, mangas dos CDLs e caixetas, ap√≥s serem esvaziados, s√£o disponibilizados no local previsto, logo ap√≥s o t√©rmino das atividades. 2. Verificar se foram retirados os r√≥tulos dos unitizadores imediatamente ap√≥s serem esvaziados. 3. Considerar N√£o Conforme se for encontrado objeto e/ou r√≥tulo nos unitizadores disponibilizados na √°rea de unitizadores vazios. PONTO DE VERIFICA√á√ÉO: √?rea Operacional, e √?rea de Unitizadores Vazios. PER√?ODO: Nos dias da verifica√ß√£o. AMOSTRA: Todos os unitizadores. MARGEM DE TOLER√ÇNCIA: N√£o h√°.",MANDIS 2/1 anexo 2
5,O desabastecimento √© realizado conforme o previsto?Aspectos: Produtividade e Prioridade,4,N,S,"OBJETIVO DO ITEM: Manter a organiza√ß√£o do processo. FORMA DE AVALIAR: 1. Verificar se o desabastecimento ocorre: a) nas unidade sem AIS: ao final da primeira triagem ou da TD; b) nas unidade com AIS: de forma cont√≠nua, pela parte traseira da mesa. 2. Considerar NA para as verifica√ß√µes em CEE. 3. Considerar Conforme caso devido a quantidade reduzida de objetos simples a unidade opte por fazer o desabastecimento com equipe destacada conforme orienta√ß√µes na Cartilha 5 Ps. 4 . Considerar N√£o Conforme se observado que os objetos triados no dia de recebimento s√£o recolhidos em caixetas que contenham carga de dias anteriores. PONTO DE VERIFICA√á√ÉO: Sal√£o Operacional. PER√?ODO: Nos dias da verifica√ß√£o AMOSTRA: Todos os desabastecimentos. MARGEM DE TOLER√ÇNCIA: N√£o h√°.",MANORG 11/6 e 7 MANDIS 2/2 Cartilha 5 Ps
6,A segunda triagem/SL √© realizada conforme o previsto e os GUs e DAs s√£o priorizados no ordenamento? Aspectos: Informa√ß√£o e Produtividade,2,N,S,"OBJETIVO DO ITEM: Garantir que as dire√ß√µes de segunda triagem/SL sejam respeitadas e que haja prioriza√ß√£o de DA e GU. FORMA DE AVALIAR: 1. Verificar se: a) a triagem √© realizada corretamente nos escaninhos, n√£o havendo triagem de forma improvisada sobre a bancada, sobre o arm√°rio, em caixetas ou em escaninhos sem identifica√ß√£o; b) s√£o priorizados, no ordenamento, os objetos de GU e DA (apenas em unidades sem Entrega Matutina). 2. Considerar NA para as verifica√ß√µes em CEE. PONTO DE VERIFICA√á√ÉO: Sal√£o Operacional. PER√?ODO: Nos dias da verifica√ß√£o. AMOSTRA: Todos os distritos. MARGEM DE TOLER√ÇNCIA: N√£o h√°.",MANDIS 2/2
7,"O tratamento dos objetos qualificados/encomendas √© realizado conforme o previsto?Aspectos: Informa√ß√£o, Produtividade e Prioridade",5,N,N,"OBJETIVO DO ITEM: Garantir a entrega no prazo. FORMA DE AVALIAR: 1. Verificar se: a) a LOEC Autom√°tica √© utilizada em 100% dos distritos; b) √© realizada a triagem de acordo com o distrito indicado no sistema, simultaneamente √† leitura. 2. √â permitida a realiza√ß√£o da pr√©- triagem: a) antes da leitura, caso a localidade n√£o seja codificada por logradouro; b) antes ou ap√≥s a leitura da carga quando o centro de tratamento envi√°-la em bruto ou em menor quantidade de esta√ß√µes de LOEC previstas (entende-se por esta√ß√£o de LOEC cada c√©lula composta de 3 a 5 distritos). 3. No CDD para os distritos postais √© permitida a realiza√ß√£o da pr√©-triagem quando a quantidade de objetos nos GUs da unidade representar mais que 25% da carga qualificada da unidade dimensionada em SD. PONTO DE VERIFICA√á√ÉO: Toda a unidade. PER√?ODO: Nos dias da verifica√ß√£o. AMOSTRA: Observar o processo no m√≠nimo 10 minutos. MARGEM DE TOLER√ÇNCIA: N√£o h√°",MANDIS 2/2 Cartilha 5 Ps.
8,Todos os objetos simples e qualificados com prazo de entrega previsto para o dia saem para a distribui√ß√£o? Aspectos: Informa√ß√£o e Prioridade,4,N,N,"OBJETIVO DO ITEM: Garantir o cumprimento do prazo acordado com o cliente. FORMA DE AVALIAR: 1. Selecionar objetos e verificar se o per√≠odo entre a data da postagem e a data da sa√≠da para a distribui√ß√£o est√° no prazo previsto. 2. Considerar Conforme: a) os objetos anotados previamente; b) a carga enviada antecipadamente pelo centro de tratamento ou a carga com prazo de entrega programado; c) objetos com entrega alternada. 3. Considerar Conforme caso haja registro de CIE para objetos recebidos com atraso. PONTO DE VERIFICA√á√ÉO: Sal√£o Operacional, Sistema CIE e https://www2.correios.com.br/sistemas/precosPrazos/. PER√?ODO: Nos dias da verifica√ß√£o. AMOSTRA: 10 objetos aleat√≥rios em 10% de cada tipo de distrito (postal, especial e misto). MARGEM DE TOLER√ÇNCIA: N√£o h√°.",MANNEG 6/3 anexo 2 Cartilha 5 Ps.
9,"Todos os Malotes a serem entregues pela unidade s√£o tratados conforme o previsto? Aspectos: Informa√ß√£o, Produtividade e Seguran√ßa3",3,N,S,"OBJETIVO DO ITEM: Evitar evas√£o de receita. FORMADE AVALIAR:1. Verificar se: a) o tratamento dos Malotes ocorre conforme o previsto; b) √© realizada a leitura do Malote no SIGMA. 2. Caso haja Malotes identificados na funcionalidade de ""Importa√ß√£o"" sem o evento de postagem na origem, verificar se esses foram pesados e as informa√ß√µes lan√ßadas no SIGMA. 3. Considerar N√£o Conforme se houver lan√ßamento manual de Malotes na LEM. 4. Considerar NA se a unidade n√£o entregar Malote ou se a leitura dos malotes seja feita em outra unidade. PONTO DE VERIFICA√á√ÉO: Toda a unidade e arquivo de LEMs. PER√?ODO: Um dos dias da verifica√ß√£o e mais 5 dias entre os 30 dias anteriores. AMOSTRA: Todos os Malotes e LEMs do per√≠odo. MARGEM DE TOLER√ÇNCIA: Sistema inoperante, desde que comprovado com o envio de e-mail ao Gestor Regional do SIGMA.",MANDIS 2/2 Cartilha 5PS
10,Os objetos sujeitos a recondicionamento s√£o recondicionados e disponibilizados para entrega e expedi√ß√£o de acordo com os prazos previstos?Aspectos: Seguran√ßa e Produtividade,2,N,S,"OBJETIVO DO ITEM: Garantir a Seguran√ßa Postal. FORMA DE AVALIAR: 1. Observar se o estado f√≠sico dos objetos/Malotes √© verificado e, em caso de irregularidades, se s√£o disponibilizados de imediato para a √°rea de recondicionamento. 2. Entende-se por √°rea de recondicionamento o local definido dentro da unidade pass√≠vel de supervis√£o onde estejam dispon√≠veis os materiais/equipamentos necess√°rios para a realiza√ß√£o da atividade (fita, pl√°stico, formul√°rio, etc.). Se a unidade n√£o tiver uma balan√ßa nesse local, pode ser feito o compartilhamento com outra balan√ßa. 3. Verificar se os objetos s√£o recondicionados e retornam ao fluxo operacional no mesmo dia do recebimento na unidade. 4. Considerar NA se n√£o houver necessidade de recondicionamento no per√≠odo avaliado. PONTO DE VERIFICA√á√ÉO: Toda a unidade e formul√°rio. PER√?ODO: Nos dias da verifica√ß√£o. AMOSTRA: Todos os objetos/Malotes que apresentem inv√≥lucros avariados. MARGEM DE TOLER√ÇNCIA: N√£o h√°",MANDIS 2/2 MANENC 2/12 MANENC 6/7
11,"H√° confer√™ncia da quantidade de objetos qualificados e de servi√ßos adicionais sob responsabilidade do carteiro?Aspectos: Seguran√ßa, Produtividade e Prioridade",5,N,N,"OBJETIVO DO ITEM: Garantir a seguran√ßa dos objetos qualificados recebidos pelos carteiros. FORMA DE AVALIAR: 1. Observar se, antes da sa√≠da dos carteiros, os objetos s√£o conferidos por empregados designados para esta atividade (a confer√™ncia da quantidade n√£o pode ser executada por terceirizado nem pela mesma pessoa que fez o ordenamento, nos distritos especiais). 2. Considerar Conforme caso seja realizada a confer√™ncia exaustiva nos distritos, utilizando a fun√ß√£o E do SRO na presen√ßa do carteiro. PONTO DE VERIFICA√á√ÉO: Sal√£o Operacional. OBSERVA√á√ÉO: Para os distritos postais, a verifica√ß√£o deve ser feita no momento do recebimento dos objetos no balc√£o da ATOE. Para os distritos especiais (encomendas), antes da sa√≠da para a distribui√ß√£o. PER√?ODO: Nos dias da verifica√ß√£o. AMOSTRA: Todos os distritos. MARGEM DE TOLER√ÇNCIA: N√£o h√°.",MANDIS 2/2MANDIS 3/1
12,"A confer√™ncia exaustiva dos objetos √© realizada conforme o previsto? Aspectos: Seguran√ßa e Prioridade PONTO DE VERIFICA√á√ÉO: Sal√£o Operacional, SRO e Relat√≥rio de Confer√™ncia da Fun√ß√£o ""E"". PER√?ODO: Os dias da verifica√ß√£o e mais 3 dias entre os √∫ltimos 30. AMOSTRA: 01 Relat√≥rio por dia. MARGEM DE TOLER√ÇNCIA: Distritos da plataformiza√ß√£o.",4,N,N,"OBJETIVO DO ITEM: Garantir a seguran√ßa da carga. FORMA DE AVALIAR: 1. Observar se o supervisor ou outra pessoa designada realiza a confer√™ncia exaustiva dos distritos especiais, na quantidade e frequ√™ncia previstas e na presen√ßa do carteiro, no momento da sa√≠da para distribui√ß√£o ou na esta√ß√£o da LOEC autom√°tica. 2. Verificar se o relat√≥rio emitido pelo SRO na fun√ß√£o ""E"" est√° arquivado eletronicamente na unidade. 3. Verificar no arquivo se h√° registro da confer√™ncia para todos os dias em que houver opera√ß√£o do per√≠odo em an√°lise. 4. Caso se identifique na amostra diverg√™ncia durante a confer√™ncia, comparar com o rastreamento e verificar se: a) a baixa do objeto foi feita no mesmo dia; b) em caso de extravio, h√° documenta√ß√£o formal de apura√ß√£o por meio de processo SEI.",MANDIS 2/2
13,Os objetos ME e MD recebem o tratamento conforme previsto? Aspectos: Informa√ß√£o e Produtividade,2,N,N,OBJETIVO DO ITEM: Garantir o correto tratamento e o fluxo dos objetos. FORMA DE AVALIAR: 1. Selecionar objetos ME e MD e verificar se receberam o tratamento previsto. PONTO DE VERIFICA√á√ÉO: Sal√£o Operacional e SRO. PER√?ODO: Nos dias de verifica√ß√£o. AMOSTRA: Todos os objetos. TOLER√ÇNCIA: N√£o h√°.,MANDIS 2/3
14,"A entrega interna de objetos √© realizada conforme previsto?Aspectos: Informa√ß√£o e Seguran√ßaPONTO DE VERIFICA√á√ÉO: Arquivos de LDIs, LEM do distrito de entrega interna e (balc√£o de atendimento). PER√?ODO: Nos √∫ltimos 30 dias (incluir os dias da verifica√ß√£o). AMOSTRA: 10 listas (LDI + LEM) ou todas as listas se a quantidade total for menor que 10. MARGEM DE TOLER√ÇNCIA: N√£o h√°.",2,N,S,"OBJETIVO DO ITEM: Garantir que o objeto seja entregue ao destinat√°rio correto e com os procedimentos previstos. FORMA DE AVALIAR: 1. Para unidades que realizam a entrega interna por meio do SRO M√≥vel rastrear os objetos e observar se: a) a qualidade das imagens permite identifica√ß√£o dos dados conforme o previsto; b) h√° assinatura leg√≠vel do recebedor e confere com o nome do destinat√°rio/remetente, e se h√° autoriza√ß√£o; c) h√° o n√∫mero do documento do recebedor; d) caso n√£o haja a foto do objeto no SRO, verificar se a unidade gerou a LDI impressa e se os procedimentos previstos foram realizados. 2. Verificar nas LEMs internas se: a) todos os campos necess√°rios est√£o preenchidos; b) a assinatura √© da pessoa autorizada a receber o Malote. 3. Considerar NA se a unidade n√£o realizar nenhuma entrega interna no per√≠odo avaliado ou se a unidade n√£o faz entrega interna.",MANATE 4/1anexo 2 CARTILHA 5 Ps.
15,Os procedimentos dos objetos destinados ao LOCKER est√£o sendo realizados conforme o previsto? Aspecto: Informa√ß√£o e produtividade.,2,N,S,"OBJETIVO DO ITEM: Garantir a informa√ß√£o correta para o cliente. FORMA DE AVALIAR: 1. Identificar os distritos que possuem vincula√ß√£o com o LOCKER. 2. Pesquisar os objetos lan√ßados para o LOCKER. 3. Verificar se foram realizados corretamente os procedimentos de indu√ß√£o e disponibiliza√ß√£o do objeto. 4. Em caso de inoper√¢ncia do LOCKER, verificar se a baixa ocorre conforme o previsto. 5. Considerar o item Conforme caso tenham sido realizadas corre√ß√µes de eventos no mesmo dia. 6. Considerar NA para as unidades que n√£o possuem LOCKER vinculado ou se n√£o houve objeto destinado ao LOCKER no per√≠odo. PONTO DE VERIFICA√á√ÉO: SRO. PER√?ODO: √öltimos 10 dias anteriores √† verifica√ß√£o e o primeiro dia da verifica√ß√£o. AMOSTRA: 100% dos objetos do per√≠odo. MARGEM DE TOLER√ÇNCIA: N√£o h√°.",MANDIS 3/1 anexo 4 Caderno Operacional do LOCKER
16,Os procedimentos dos objetos destinados √† CCI est√£o sendo realizados conforme o previsto?Aspectos: Informa√ß√£o e produtividade,2,N,S,"OBJETIVO DO ITEM: Garantir a informa√ß√£o correta para o cliente. FORMA DE AVALIAR: 1. Identificar os distritos que possuem vincula√ß√£o com CCI. 2. Pesquisar os objetos lan√ßados para a CCI. 3. Verificar se foram realizados corretamente os procedimentos de indu√ß√£o e disponibiliza√ß√£o do objeto. 4. Verificar se a baixa ocorre conforme o previsto, inclusive se a imagem corresponde a tela de dep√≥sito do objeto em CCI. Em caso de inoper√¢ncia da CCI, observar os procedimentos previstos 5. Considerar o item Conforme caso tenham sido realizadas corre√ß√µes de eventos no mesmo dia. 6. Considerar NA para as unidades que n√£o possuem CCI vinculada ou se n√£o houve objeto destinado √† CCI no per√≠odo avaliado. PONTO DE VERIFICA√á√ÉO: SRO. PER√?ODO: √öltimos 10 dias anteriores √† verifica√ß√£o e o primeiro dia da verifica√ß√£o. AMOSTRA: 100% dos objetos do per√≠odo. MARGEM DE TOLER√ÇNCIA: N√£o h√°.",MANDIS 3/1 anexo 4 Cartilha 5Ps TLT CCI
"Lista: 2025 - CDD - LISTA 2 - LEIAUTE, SINALIZA√á√ÉO, DOCUMENTA√á√ÉO E SEGURAN√áA",,,,,,
N¬∫,Item de Verifica√ß√£o,Peso,Tipo,NA,Orienta√ß√£o,Refer√™ncia
1,O acesso de pessoas √† unidade √© controlado?Aspecto: Seguran√ßa,1,N,N,"OBJETIVO DO ITEM: Evitar o tr√¢nsito livre de pessoas na unidade e garantir a seguran√ßa postal. FORMA DE AVALIAR: 1. Verificar se: a) todos os empregados, inclusive os terceirizados e jovens aprendizes, portam o crach√° em lugar vis√≠vel, possibilitando a identifica√ß√£o da pessoa; b) os visitantes e prestadores de servi√ßo portam o crach√° ou outra identifica√ß√£o em lugar vis√≠vel que comprove o controle de acesso; c) √© controlado e restrito o acesso de pessoas estranhas √† unidade. PONTO DE VERIFICA√á√ÉO: Toda a unidade. PER√?ODO: Nos dias da verifica√ß√£o. AMOSTRA: 100% dos acessos. MARGEM DE TOLER√ÇNCIA: N√£o h√°.",MANORG 11/6 e 7
2,"Os m√≥veis, unitizadores e equipamentos operacionais s√£o usados correta e adequadamente e as bicicletas s√£o guardadas em local seguro? Aspectos: Produtividade e Seguran√ßa.",2,N,N,"OBJETIVO DO ITEM: Propiciar organiza√ß√£o e bem estar no ambiente de trabalho, seguran√ßa ao objeto postal e garantir a integridade dos unitizadores e equipamentos operacionais. FORMA DE AVALIAR: 1. Verificar se h√° objetos pessoais nos m√≥veis e equipamentos operacionais. 2. Verificar se as bicicletas s√£o armazenadas em local seguro, preferencialmente em lugar coberto e protegido das varia√ß√µes clim√°ticas. 3. Considerar N√£o Conforme se verificados m√≥veis ou equipamentos sendo utilizados para outras finalidades e/ou se em qualquer fase do processo produtivo houver manuseio indevido de unitizadores (arremessar, jogar ou arrastar). PONTO DE VERIFICA√á√ÉO: Toda a unidade. PER√?ODO: Nos dias da verifica√ß√£o. AMOSTRA: Todos os m√≥veis e equipamentos operacionais. MARGEM DE TOLER√ÇNCIA: N√£o h√°.",MANORG 11/6 e 7 MANDIS 2/1 anexo 2 SEI: 53180.037075/2023-36
3,"A manuten√ß√£o preventiva dos Equipamentos de Movimenta√ß√£o Interna de Carga (EMIC - el√©tricos) pr√≥prios √© realizada quando prevista? Aspectos: Informa√ß√£o, Seguran√ßa e Produtividade.",3,N,S,"OBJETIVO DO ITEM: Verificar se √© realizada a gest√£o das manuten√ß√µes nos EMICs de forma tempestiva FORMA DE AVALIAR; Solicitar ao gestor da unidade: a) O manual do equipamento, em vers√£o f√≠sica ou digital. b) A comprova√ß√£o de que foram realizadas as manuten√ß√µes preventivas de acordo com o determinado no manual de cada equipamento el√©trico ou a combust√£o. 2. Considerar n√£o conforme se para qualquer dos equipamentos que alcan√ßou o tempo da manuten√ß√£o preventiva n√£o houver a respectiva comprova√ß√£o da execu√ß√£o do servi√ßo. 3. Considerar NA caso a unidade n√£o utilize EMICs. PONTO DE VERIFICA√á√ÉO: √Çmbito da unidade. PER√?ODO: Nos dias da verifica√ß√£o e em todo o per√≠odo desde a verifica√ß√£o anterior. AMOSTRA: Todos os Equipamentos de Movimenta√ß√£o interna de Carga (EMIC) pr√≥prios. MARGEM DE TOLER√ÇNCIA: N√£o h√°.",Manuais dos equipamentos Of√≠cio Circular n¬∞ 48186251/2024 - GEPT-DTRAT e seus anexos
4,"Os equipamentos de movimenta√ß√£o el√©tricos s√£o desligados ap√≥s o uso? Aspectos: Informa√ß√£o, Seguran√ßa e Produtividade",3,N,S,OBJETIVO DO ITEM: Verificar a ocorr√™ncia do uso consciente dos EMICs. FORMA DE AVALIAR: 1. Observar se cada equipamento el√©trico de movimenta√ß√£o √© desligado imediatamente ap√≥s o uso. 2. Considerar n√£o conforme se for constatado o equipamento ligado e sem uso. 3. Considerar NA caso a unidade n√£o utilize equipamentos de movimenta√ß√£o el√©tricos. PONTO DE VERIFICA√á√ÉO: √Çmbito da unidade. PER√?ODO: Nos dias da verifica√ß√£o. AMOSTRA: Todos os equipamentos de movimenta√ß√£o el√©tricos. MARGEM DE TOLER√ÇNCIA: N√£o h√°.,Observa√ß√£o presencial e visual do equipamento.
5,"√â realizado o carregamento das baterias dos Equipamentos de Movimenta√ß√£o Interna (MCIs) de acordo com o previsto? Aspectos: Informa√ß√£o, Produtividade e Seguran√ßa.",3,N,S,OBJETIVO DO ITEM Verificar a ocorr√™ncia do uso consciente dos Equipamentos de Movimenta√ß√£o Interna (EMICs) FORMA DE AVALIAR: 1. Observar no painel de cada equipamento o indicador de carga de bateria.2. Considerar n√£o conforme se for constatado: a) obstru√ß√£o do sinal sonoro de algum equipamento. b) carregamento for realizado apenas quando a carga do equipamento estiver totalmente consumida; c) equipamento ainda conectado para carregamento ap√≥s a bateria apresentar 100% de carga. d) Considerar NA caso a unidade n√£o utilize EMICs que necessitem de carregamento da bateria. PONTO DE VERIFICA√á√ÉO: √Çmbito da Unidade. PER√?ODO: Nos dias da verifica√ß√£o. AMOSTRA: Todos os Equipamentos de Movimenta√ß√£o Interna de Carga (MCIs).,Manuais dos Equipamentos
6,"Todos os locais onde ocorrem carregamento e descarregamento, opera√ß√µes de processamento e espera de carga est√£o devidamente organizados e identificados? Aspectos: Informa√ß√£o, Seguran√ßa e Produtividade",3,N,N,OBJETIVO DO ITEM: Garantir a identifica√ß√£o e organiza√ß√£o dos locais de processamento e espera de carga. FORMA DE AVALIAR: 1. Verificar se os locais de processamento e espera de carga: a) possuem identifica√ß√£o; b) est√£o organizados; c) s√£o respeitados. 2. Considerar Conforme caso a identifica√ß√£o esteja em carrinhos. PONTO DE VERIFICA√á√ÉO: Toda a unidade. PER√?ODO: Nos dias de verifica√ß√£o. AMOSTRA: Locais de processamento e espera de carga. MARGEM DE TOLER√ÇNCIA: N√£o h√°.,MANPOC 4/5 MANPOC 4/6 anexo 2
7,"Os unitizadores vazios est√£o armazenados em local definido e identificado? Aspectos: Informa√ß√£o, Produtividade e Seguran√ßa PONTO DE VERIFICA√á√ÉO: Toda a unidade e ve√≠culos. PER√?ODO: Nos dias da verifica√ß√£o. AMOSTRA: Toda a unidade e 100% dos unitizadores. MARGEM DE TOLER√ÇNCIA: N√£o h√°.",3,N,N,"OBJETIVO DO ITEM: Garantir a organiza√ß√£o da unidade e a devolu√ß√£o dos unitizadores ao fluxo postal. FORMA DE AVALIAR: 1. Observar se: a) est√£o identificados os locais para a armazenagem de unitizadores vazios; b) os locais definidos para armazenagem de unitizadores s√£o respeitados. 2. Observar, em toda a unidade, se todos os unitizadores s√£o devolvidos diariamente. 3. Considerar Conforme: a) se observado unitizador parado na unidade de um dia para o outro devido √† falta de cubagem da linha que realiza a devolu√ß√£o dos unitizadores; b) no caso de unidades que atuam como subcentralizadoras e/ou atendam linhas de transporte para suprir outras unidades com o fornecimento de unitizadores e comprovado por escrito; c) se os unitizadores retidos forem em quantidade m√≠nima para iniciar a opera√ß√£o do dia seguinte. 4. Considerar N√£o Conforme se forem verificados unitizadores para armazenamento de objetos ARE.",MANENC 4/2 anexo 1
8,"O controle da carga da Distribui√ß√£o Domicili√°ria Alternada (DDA) √© realizado conforme previsto? Aspectos: Informa√ß√£o e Produtividade. 4. Considerar NA para as verifica√ß√µes de CEE. PONTO DE VERIFICA√á√ÉO: Toda a unidade, SGPD e SRO. PER√?ODO: Nos dias da verifica√ß√£o. AMOSTRA: Para o simples, 3 dire√ß√µes de 10% dos distritos. Para o qualificado, 3 objetos de cada distrito de 10% dos distritos. MARGEM DE TOLER√ÇNCIA: N√£o h√°.",2,N,S,"OBJETIVO DO ITEM: Garantir controle e qualidade da carga no processo da DDA. FORMA DE AVALIAR: 1. Retirar amostras das caixetas com carga da altern√¢ncia e verificar se os objetos est√£o armazenados conforme a identifica√ß√£o do lado (A ou B). 2. Identificar no SGPD o lado da altern√¢ncia que ser√° distribu√≠do no dia. 3. Ap√≥s a sa√≠da do carteiro para distribui√ß√£o: a) retirar amostras de objetos das Caixetas CTA-04 (ou no caso da falta destas, qualquer outro unitizador dispon√≠vel na unidade, desde que devidamente identificado) ou, para as unidades em AIS, diretamente dos manipuladores; b) verificar se o endere√ßamento dos objetos simples est√£o condizentes com o etiquetamento do plano da segunda triagem/SL do lado sem previs√£o de entrega no dia; c) para os objetos qualificados da altern√¢ncia n√£o previstos para distribui√ß√£o, comparar o endere√ßamento com a rela√ß√£o de trechos do SRO. Para a compara√ß√£o poder√° ser utilizada a leitura em LOEC autom√°tica com o lado previsto no SGPD.",GUIA SGPD MANPOC 15/7 MANPOC 15/7 anexo 2
9,Os procedimentos para aferi√ß√£o e lan√ßamento de resto simples e qualificado est√£o sendo feitos conforme previsto?Aspectos: Informa√ß√£o e Prioridade.,4,N,N,"OBJETIVO DO ITEM: Garantir a fidedignidade dos dados referentes ao resto. FORMA DE AVALIAR: 1. Nos dias da verifica√ß√£o, observar para os objetos simples se: a) os gestores da unidade compactam, contam e lan√ßam no SGPD o resto de mesa e carga parada b) foi lan√ßada toda a carga do lado previsto para distribui√ß√£o que n√£o saiu para entrega, com exce√ß√£o do IPTU dentro da data prevista para entrega. 2. Para os objetos qualificados, verificar se h√° res√≠duo de mesa informado menor do que o existente na unidade. 3. Considerar Conforme caso haja corre√ß√µes de lan√ßamento no SGPD feitas no mesmo dia. PONTO DE VERIFICA√á√ÉO: Toda a unidade, SRO e SGPD (desconsiderar o SGPD para os CEE). PER√?ODO: Nos dias da verifica√ß√£o e √∫ltimos 30 dias. AMOSTRA: Todo o resto. MARGEM DE TOLER√ÇNCIA: N√£o h√°.",MANDIS 2/1 anexo 3 Guia SGPD
10,Todos os lan√ßamentos previstos para o SGPD s√£o registrados corretamente e conforme as etapas operacionais? Aspectos: Informa√ß√£o e Prioridade,4,N,N,OBJETIVO DO ITEM: Garantir o lan√ßamento correto e fidedigno das informa√ß√µes no sistema. FORMA DE AVALIAR: 1. Verificar se todos os lan√ßamentos previstos foram realizados corretamente no SGPD. 2. Considerar N√£o Conforme se observado o lan√ßamento de in√≠cio das atividades e sa√≠da para distribui√ß√£o simultaneamente. PONTO DE VERIFICA√á√ÉO: SGPD. PER√?ODO: Um dia entre os √∫ltimos 15 dias anteriores e o primeiro dia da verifica√ß√£o. AMOSTRA: Para CDD: 50% de cada tipo de distrito .Para CEE: 20% dos distritos. MARGEM DE TOLER√ÇNCIA: N√£o h√°.,MANDIS 2/1anexo 2 MANDIS 2/2anexo 2MANDIS 2/4 Guia do SGPD Cartilha 5Ps.
11,As pend√™ncias indicadas no SIGMA s√£o tratadas conforme o previsto?Aspectos: Informa√ß√£o e Prioridade.,4,N,S,"OBJETIVO DO ITEM: Garantir a qualidade da informa√ß√£o ao cliente. FORMA DE AVALIAR: 1. Acessar o SIGMA e verificar se n√£o h√° Malotes pendentes, exceto os do dia anterior. 2. Ap√≥s a emiss√£o das listas de Malote, verificar no SIGMA se n√£o h√° percursos pendentes de distritamento do dia anterior. 3. Considerar NA para unidades que n√£o realizam esse servi√ßo. PONTO DE VERIFICA√á√ÉO: SIGMA. PER√?ODO: Nos 5 dias imediatamente anteriores a data da verifica√ß√£o. AMOSTRA: Todas as pend√™ncias. MARGEM DE TOLER√ÇNCIA: N√£o h√°.",MANDIS 2/2 e 3/2MANENC 6/11Cartilha 5Ps
12,Em caso de irregularidades s√£o emitidos os documentos pertinentes? Aspectos: Informa√ß√£o e Seguran√ßa,2,N,N,"OBJETIVO DO ITEM: Registrar ocorr√™ncia de irregularidade e resguardar a unidade em caso de indeniza√ß√£o. FORMA DE AVALIAR: 1. Observar durante o processo operacional se s√£o identificadas ocorr√™ncias que impliquem necessidade de emiss√£o de CIE, AI, TC ou MI, inclusive para os casos de falta de compacta√ß√£o/unitiza√ß√£o da carga recebida (utilizando o motivo Outros). 2. Caso a unidade receba a carga no per√≠odo vespertino, verificar se esta √© tratada e o documento registrado na manh√£ do dia seguinte, se houver necessidade. 3. Verificar se a unidade tem arquivo com esses documentos. 3. Escolher aleatoriamente 10 objetos citados nos documentos de irregularidades, anotar os n√∫meros de registro e pesquisar no SRO/SIGMA para confirmar se a data da emiss√£o corresponde √† data de chegada do objeto na unidade. PONTO DE VERIFICA√á√ÉO: CIE, SRO, SIGMA e arquivos da Unidade. PER√?ODO: Nos dias da verifica√ß√£o e os √∫ltimos 30 dias. AMOSTRA: 10 objetos e documentos. MARGEM DE TOLER√ÇNCIA: N√£o h√°.",MANCAT 16/3 anexo 2 MANENC 16/1 MANENC 16/2 Cartilha 5Ps
13,A unidade realiza a gest√£o das CIE recebidas?Aspectos: Informa√ß√£o e Prioridade,4,N,N,"OBJETIVO DO ITEM: Verificar se a unidade realiza a gest√£o das CIEs, tomando conhecimento das irregularidades nos processos para posterior corre√ß√£o. FORMA DE AVALIAR: 1. Verificar se foi informado no sistema, em at√© 2 dias √∫teis, as provid√™ncias adotadas para corrigir as irregularidades relatadas. 2. Considerar N√£o Conforme nos seguintes casos: a) se houver CIE n√£o lidas e/ou n√£o respondidas de acordo com os prazos estabelecidos; b) se a Unidade possuir mais de 3 CIE reincidentes recebidas por um mesmo motivo e da mesma unidade em dias distintos. 3. Considerar Conforme nos casos de CIEs recebidas de forma improcedente. PONTO DE VERIFICA√á√ÉO: Sistema CIE. PER√?ODO: Nos dias da verifica√ß√£o e os √∫ltimos 30 dias. AMOSTRA: 100% das CIEs. MARGEM DE TOLER√ÇNCIA: N√£o h√°.",MANORG 11/6 e 7 MANENC 16/1Cartilha 5Ps
14,"O acompanhamento externo do distrito √© realizado conforme o previsto? Aspectos: Informa√ß√£o, Produtividade e Prioridade.4. Considerar N√£o Conforme se: a) A unidade n√£o tenha o √∫ltimo SD implantado do DDA, exceto se o SD tenha sido suspenso pelo DEDIS. b) Se nas avalia√ß√µes posteriores ao final do terceiro trimestre (30/09/25) a unidade n√£o tenha realizado 100% dos acompanhamentos dos distritos previstos. 5. N√£o considerar na pesquisa os novos distritos incorporados nos √∫ltimos 90 dias. PONTO DE VERIFICA√á√ÉO: a) Boletim de Acompanhamento - FW0122/10 (CDD); b) Boletim de Acompanhamento - CEE. PER√?ODO: Semestres fechados de 2025. AMOSTRA: 100% dos distritos com previs√£o de acompanhamentos. MARGEM DE TOLER√ÇNCIA: N√£o h√°.",5,N,N,OBJETIVO DO ITEM: Garantir a qualidade na presta√ß√£o dos servi√ßos. FORMA DE AVALIAR: 1. Verificar se: a) A unidade realizou o acompanhamento semestral de cada distrito. b) A unidade preencheu corretamente o formul√°rio Boletim de Acompanhamento (FW0122/10) dispon√≠vel na lista de formul√°rios eletr√¥nicos; 2. Considerar conforme se: a) Na primeira avalia√ß√£o do Semestre. b) Ao final das avalia√ß√µes do primeiro semestre (30/06/25) a unidade realizou acompanhamento em pelo menos 20% dos seus distritos; b) Ao final das avalia√ß√µes do terceiro trimestre (30/09/25) a unidade realizou acompanhamento em pelo menos 50% dos seus distritos; c) Houve acompanhamento nos dois lados (A e B) do distrito da altern√¢ncia; d) A unidade realize o acompanhamento utilizando o GEO Correios (TMS). 3. N√£o considerar os distritos exclusivos de coleta.,OF√?CIO CIRCULAR N¬∫ 56613330/2025 - GPPN-DEDIS
15,"A pesquisa externa √© realizada conforme o previsto? Aspectos: Informa√ß√£o, Produtividade e Prioridade PONTO DE VERIFICA√á√ÉO: Formul√°rio Pesquisa Externa - FW0137/12 PER√?ODO: Semestres fechados de 2025. AMOSTRA: 100% dos distritos com previs√£o de realiza√ß√£o de pesquisa.",5,N,S,"OBJETIVO DO ITEM: Garantir a qualidade na presta√ß√£o dos servi√ßos. FORMA DE AVALIAR: 1. Verificar se a) A unidade pesquisou cada distrito, semestralmente ou quando da ocorr√™ncia de reclama√ß√µes ou baixa efetividade de entrega, tanto para os objetos entregues/coletados, quanto para as anota√ß√µes feitas pelo carteiro, utilizando o Formul√°rio Pesquisa Externa - FW0137/12, dispon√≠vel na lista de formul√°rios eletr√¥nicos. b) a Unidade pesquisou, pelo menos, cinco pontos de entrega/coleta distintos, preferencialmente de destinat√°rios que geralmente n√£o estejam aguardando recebimento programado de objetos (cat√°logos, prospectos etc.). 2. para a pesquisa nos distritos postais, considerar a soma dos pontos pesquisados no lados A e lado B.3. Considerar NA caso a avalia√ß√£o seja realizada antes do 1¬∫ semestre fechado e a unidade ainda n√£o tenha realizado todas as pesquisas dos distritos.",OF√?CIO CIRCULAR N¬∫ 56613330/2025 - GPPN-DEDIS
16,A unidade utiliza o SGRU conforme previsto? Aspectos: Informa√ß√£o e Produtividade,2,N,N,"OBJETIVO DO ITEM: Garantir o fluxo de unitizadores no encaminhamento. FORMA DE AVALIAR: 1. Verificar no SGRU se h√° envio dos unitizadores vazios para a centralizadora vinculada. 2. Considerar as excepcionalidades previstas nos documentos de refer√™ncia. 3. Considerar N√£o Conforme nos casos de: a) n√£o haver devolu√ß√£o di√°ria; b) serem identificados unitizadores usados para prop√≥sitos diversos que os da opera√ß√£o; c) haver na unidade estoque maior que a quantidade necess√°ria para uso cotidiano da unidade, conforme definido na parametriza√ß√£o do SGRU. PONTO DE VERIFICA√á√ÉO: SGRU e Sal√£o Operacional. PER√?ODO: √öltimos 30 dias. AMOSTRA: Todos os unitizadores vazios. MARGEM DE TOLER√ÇNCIA: N√£o h√°.",MANENC 4/1 anexo 2MANENC 4/2SEI 53180.027851/2023-90http://snu0075/sgru/login
17,"A Gest√£o da confer√™ncia eletr√¥nica √© realizada diariamente conforme o previsto? Aspectos: Seguran√ßa, Informa√ß√£o e Prioridade.",5,N,N,"OBJETIVO DO ITEM: Garantir a gest√£o correta do encaminhamento de objetos, visando evitar extravios e indeniza√ß√µes.FORMA DE AVALIAR:1.Verificar no SROWeb se:a) os objetos pendentes e os faltantes foram tratados no prazo; b) Os ROEs gerados e recebidos foram abertos e conferidos.; 2. Verificar no SROWeb menu ROE, se o arquivo PDF est√° dispon√≠vel para downloads e se foram gerados no mesmo dia da exclus√£o. 3. Considerar Conforme caso haja of√≠cio do Departamento gestor comprovando suspens√£o dos procedimentos no per√≠odo avaliado. PONTO DE VERIFICA√á√ÉO: Menu ROE do SROWeb. PER√?ODO: √öltimos 3 meses anteriores e o m√™s atual. AMOSTRA: 50% dos relat√≥rios de cada m√™s e TODOS os relat√≥rios do m√™s atual. MARGEM DE TOLER√ÇNCIA: N√£o h√°.",SROWeb OF√?CIO CIRCULAR N¬∫ 55297314/2025 - GPLO-DEPLA Cartilha 5Ps
18,A Unidade responde as manifesta√ß√µes e/ou pedidos de informa√ß√µes do Fale Conosco dentro do prazo estabelecido? Aspecto: Informa√ß√£o,1,N,N,"OBJETIVO DO ITEM: Garantir o atendimento da demanda do cliente no prazo. FORMA DE AVALIAR: 1. Solicitar ao Gestor da unidade para acessar o Fale Conosco 2. Considerar N√£o Conforme se, em qualquer um dos per√≠odos avaliados, o resultado do Indicador Prazo de Resposta Parcial -√?rea aferido for inferior √† meta estabelecida, constante no Sistema Fale Conosco. PONTO DE VERIFICA√á√ÉO: Fale Conosco. PER√?ODO: M√™s da verifica√ß√£o e o anterior. AMOSTRA: Pedidos de Informa√ß√£o e Manifesta√ß√µes constantes no Fale Conosco. MARGEM DE TOLER√ÇNCIA: N√£o h√°.",MANCAT 32/4 Cartilha 5Ps
19,"Os objetos destinados a entrega interna (ARE), s√£o disponibilizados ao cliente dentro do prazo previsto? Aspectos: Produtividade, Informa√ß√£o e Seguran√ßa.",3,N,S,"OBJETIVO DO ITEM: Garantir que os objetos de ARE sejam disponibilizados ao cliente no prazo. FORMA DE AVALIAR: 1 . Verificar se os objetos sinalizados como ARE, s√£o disponibilizados para entrega interna dentro do prazo previsto. 2. Considerar NA para as unidades que n√£o possuem ARE. PONTO DE VERIFICA√á√ÉO: ATOE ou √°rea destinada ao tratamento de objetos ARE. PER√?ODO: Nos dias de verifica√ß√£o.AMOSTRA: Todos os objetos, no limite de 30.MARGEM DE TOLER√ÇNCA: N√£o h√°.",MANATE - Mod. 04 Cap. 01 anexo 02.
20,Os ARs recebem o tratamento conforme previsto? Aspecto: Informa√ß√£o e Produtividade,2,N,N,"OBJETIVO DO ITEM: Garantir a qualidade da informa√ß√£o. FORMA DE AVALIAR: 1.Observar, ap√≥s o conferente, se est√£o anotados nos ARs os dados do recebedor nos campos indicados e sua assinatura, r√∫brica e matr√≠cula do carteiro.2. Se o carimbo datador foi aplicado com a data de entrega do objeto.3. Nos objetos de nova tentativa, verificar se foi realizado anota√ß√£o das tentativas de entrega tamb√©m no AR, nos campos pr√≥prios. PONTO DE VERIFICA√á√ÉO: ATOE ou local de guarda dos ARs. PER√?ODO: Nos dias da verifica√ß√£o. AMOSTRA: Todos os ARs. MARGEM DE TOLER√ÇNCIA: N√£o h√°.",MANDIS 2/4 MANDIS 3/1 MANCAT 7/2
21,"A unidade regulariza as pend√™ncias de ARs Digitais identificadas no SGD? Aspectos: Informa√ß√£o e Produtividade.6. Considerar Conforme para as pend√™ncias de objetos do projeto piloto do servi√ßo de fachada. e ARs baixados fisicamente pelo CDIP no SRO (entregue, destruido...) quando previsto. PONTO DE VERIFICA√á√ÉO: Sistema SGD/SRO. PER√?ODO: Segundo m√™s antes da verifica√ß√£o (ex.: se o m√™s de verifica√ß√£o for mar√ßo, pesquisar as pend√™ncias de janeiro). AMOSTRA: 20 ARs pendentes ou todos, se a quantidade for inferior a 20. MARGEM DE TOLER√ÇNCIA: N√£o h√°.",2,N,N,"OBJETIVO DO ITEM: Garantir a qualidade da informa√ß√£o. FORMA DE AVALIAR: 1. Acessar o SGD e verificar se existem pend√™ncias para a unidade avaliada.2. Havendo objetos pendentes, pesquisar no SRO. 3. Considerar Conforme se as pend√™ncias existentes forem de objetos sem dados do destinat√°rio (null) e/ou por erro na utiliza√ß√£o de etiqueta, mas houver comunica√ß√£o por e-mail ao Consultor Comercial respons√°vel pelo contrato. 4. Considerar N√£o Conforme: a) se houver ARs Digitais de objetos pendentes e que correspondam √† unidade avaliada; b) caso o CDIP devolva o AR para ajustes e a unidade n√£o tenha feito os ajustes necess√°rios. 5. N√£o considerar para efeito de avalia√ß√£o de conformidade os ARs Digitais de objetos expedidos para entrega interna ou os ARs de objetos que contenham apenas o evento de postagem no rastreamento ou extraviados","Procedimentos Operacionais AR Digital, MANCAT 7/13, item 2.2.1"
22,Houve visita do CAE/CUO √† unidade com a aplica√ß√£o do relat√≥rio de visita? Aspectos: Informa√ß√£o e Produtividade.,2,N,N,"OBJETIVO DO ITEM: Garantir a gest√£o da unidade e dos processos de melhoria cont√≠nua. FORMA DE AVALIAR: 1. Solicitar que o gerente apresente o SEI com a previs√£o das visitas √† unidade com a comprova√ß√£o da ci√™ncia. 2. Verificar no SAPPP ou SIAD, se a unidade recebeu visita do CAE/CUO. 2. Considerar Conforme caso seja apresentada documenta√ß√£o da SE estabelecendo cronograma definido com previs√£o de visitas mais espa√ßado que o trimestre, desde que o cronograma esteja sendo cumprido. PER√?ODO: Trimestre anterior (Jan a Mar; Abr a Jun; Jul a Set; Out a Dez). PONTO DE VERIFICA√á√ÉO: SAPPP e SEI. AMOSTRA: Relat√≥rios SAPPP. MARGEM DE TOLER√ÇNCIA: N√£o h√°.",OF√?CIO CIRCULAR N¬∫ 48237572/2024 - GPPN-DEDIS http://snu0037/siad/login
23,A unidade mant√©m o percentual de regularidade de no m√≠nimo 80% do checklist de visita do CAE/CUO? Aspectos: Informa√ß√£o e Produtividade.,2,N,S,OBJETIVO DO ITEM: Garantir a gest√£o do processo produtivo da unidade e a melhoria cont√≠nua. FORMA DE AVALIAR: 1. Verificar no SAPPP ou SIAD o √∫ltimo relat√≥rio de visita do CAE/CUO √† unidade. 2. Verificar se o percentual de regularidade do checklist est√° dentro dos 80% previstos. 3. Considerar N√£o Conforme se inexistir preenchimento do checklist no SAPPP para a visita prevista e realizada. 4. Considerar NA se n√£o houve a visita do CAE/CUO √† unidade no per√≠odo da amostra. PONTO DE VERIFICA√á√ÉO: SAPPP. PER√?ODO: Trimestre anterior ao da avalia√ß√£o ou √∫ltima avalia√ß√£o no ano de exerc√≠cio (a visita mais pr√≥xima da verifica√ß√£o). AMOSTRA: Checklist CAE (PPP). MARGEM DE TOLER√ÇNCIA: N√£o h√°.,MANORG 11/6 e 7
24,"A unidade passou pelas verifica√ß√µes de avalia√ß√£o e certifica√ß√£o, respectivamente, no ciclo anterior?Aspecto: Produtividade",1,N,S,"OBJETIVO DO ITEM: Garantir a gest√£o do processo produtivo da unidade e a melhoria cont√≠nua. FORMA DE AVALIAR: 1. Verificar no SAPPPWeb se no Relat√≥rio/Acompanhamento Hist√≥rico da Unidade constam os lan√ßamentos das verifica√ß√µes de avalia√ß√£o e certifica√ß√£o do ciclo anterior. 2. Considerar Conforme se as unidade deixou de fazer uma das avalia√ß√µes, desde que com documento de autoriza√ß√£o pelo DEDIS. 3. Considerar NA se a unidade for criada durante o ciclo vigente. PONTO DE VERIFICA√á√ÉO: SAPPPWeb. PER√?ODO: Ano anterior. AMOSTRA: Ciclo anterior da PPP. MARGEM DE TOLER√ÇNCIA: N√£o h√°.",MANPOC 6/2
25,"Ap√≥s o fechamento da verifica√ß√£o anterior, a unidade elaborou Plano de A√ß√µes Corretivas para cada uma das n√£o conformidades e obteve aprova√ß√£o do gestor? Aspectos: Informa√ß√£o e Prioridade.5. Na primeira avalia√ß√£o de 2025, considerar a verifica√ß√£o do √∫ltimo semestre de 2024. PONTO DE VERIFICA√á√ÉO: SAPPPWeb e SEI. PER√?ODO: √öltima verifica√ß√£o prevista. AMOSTRA: PAC da verifica√ß√£o anterior. MARGEM DE TOLER√ÇNCIA: N√£o h√°.",4,N,S,"OBJETIVO DO ITEM: Garantir a atua√ß√£o sobre as oportunidades de melhoria. FORMA DE AVALIAR: 1.Verificar se: a) o PAC da verifica√ß√£o anterior foi preenchido corretamente no sistema, conforme o previsto; b) h√° documento de aprova√ß√£o do PAC por inst√¢ncia superior em SEI √∫nico por GERAE; c) as n√£o conformidades apontadas na verifica√ß√£o anterior foram corrigidas. 2. Considerar este item Conforme se: a) houver itens reincidentes, cujas a√ß√µes estejam dentro prazo estabelecido no PAC, desde que devidamente comprovadas pela unidade atrav√©s de registros e/ou documentos; b) o PAC for confeccionado fora do sistema, somente com a autoriza√ß√£o do coordenador nacional da PPP, desde que dentro do prazo previsto; c) a unidade obteve 100% de conformidade dos itens na verifica√ß√£o anterior. 3. Considerar N√£o se Aplica caso seja a primeira avalia√ß√£o da unidade, ap√≥s a instala√ß√£o. 4. Considerar N√£o Conforme caso a unidade n√£o tenha realizado a verifica√ß√£o anterior prevista.",MANPOC 6/2Caderno de Crit√©rios PPP
"Lista: 2025 - CDD - LISTA 3 - COLETA, EXPEDI√á√ÉO E REFUGO",,,,,,
N¬∫,Item de Verifica√ß√£o,Peso,Tipo,NA,Orienta√ß√£o,Refer√™ncia
1,"Todos os objetos em devolu√ß√£o s√£o tratados conforme o previsto? Aspectos: Informa√ß√£o e Prioridade. PONTO DE VERIFICA√á√ÉO: √?rea de Expedi√ß√£o, sistema CIE e CEDO. PER√?ODO: No dia anterior e nos dias da verifica√ß√£o. AMOSTRA: 20 objetos simples ou todos caso a quantidade for menor que 20; 50 objetos qualificados ou todos quando a quantidade for menor que 50. MARGEM DE TOLER√ÇNCIA: Para os objetos simples: 01 objeto; Para os objetos qualificados: N√£o h√°.",4,N,N,"OBJETIVO DO ITEM: Garantir a correta informa√ß√£o ao cliente. FORMA DE AVALIAR: 1. Verificar se os objetos em devolu√ß√£o receberam o tratamento conforme o previsto (carimba√ß√£o e anota√ß√µes, etc.). 2. Considerar Conforme se a expedi√ß√£o for feita no dia seguinte nas unidades com Entrega Matutina com Primeira Triagem/TD √† tarde. 3. Consultar no sistema de CIE Eletr√¥nica, por meio do relat√≥rio CIE recebidas por unidade de destino, se h√° ocorr√™ncia por Descumprimento do Plano de Expedi√ß√£o e/ou Devolu√ß√£o Indevida do CEDO. 4. Considerar N√£o Conforme se forem observados objetos destinados a refugo e entrega interna triados junto aos objetos em devolu√ß√£o, inclusive CEDO. 5. Verificar se os objetos com chancela de devolu√ß√£o eletr√¥nica s√£o baixados conforme previsto.",MANDIS 2/3 anexo 2 MANDIS 3/1 anexo 2
2,A coleta dos objetos √© realizada conforme previsto? Aspectos: Seguran√ßa e Informa√ß√£o.,2,N,S,"OBJETIVO DO ITEM: Garantir o cumprimento das regras de neg√≥cio previstas para cada servi√ßo. FORMA DE AVALIAR: 1. Verificar se as coletas foram realizadas de acordo com o previsto. 2. Considerar N√£o Conforme caso sejam identificados pares de encomendas com informa√ß√£o de coleta e entrega que caracterizem a falta de simultaneidade. 3. Considerar NA caso n√£o haja ocorr√™ncia no per√≠odo verificado ou a unidade n√£o realize o servi√ßo. PONTO DE VERIFICA√á√ÉO: Sal√£o Operacional e sistemas. PER√?ODO: No m√™s da verifica√ß√£o e no m√™s anterior para simultaneidade. AMOSTRA: Todos os objetos de coleta da pesquisa se inferior a 10, ou 10 se mais do que isso, em 5 dias aleat√≥rios do m√™s da verifica√ß√£o e no m√™s anterior (SCOL, SIGMA e COLETA INTERATIVA). MARGEM DE TOLER√ÇNCIA: N√£o h√°.",MANDIS 3/2MANCAT 16/5 Anexo 2 Cartilha 5Ps
3,Os objetos em devolu√ß√£o e os coletados s√£o expedidos conforme previsto? Aspectos: Produtividade e Informa√ß√£o.,2,N,S,"OBJETIVO DO ITEM: Facilitar/agilizar a opera√ß√£o seguinte. FORMA DE AVALIAR: 1. Solicitar ao gestor que apresente o Plano de Expedi√ß√£o definido pela Centralizadora e confrontar com o Plano solicitado previamente para a Centralizadora. 2. Comparar o etiquetamento do m√≥vel/unitizadores: a) com o Plano de Expedi√ß√£o definido pela Centralizadora; b) com os objetos j√° triados. Considerar N√£o Conforme caso a unidade tenha coletado objeto urgente nos dias de avalia√ß√£o e o objeto, respeitando o hor√°rio limite de expedi√ß√£o, n√£o siga no mesmo dia. PONTO DE VERIFICA√á√ÉO: SRO, SCOL, SIGMA, CIE e m√≥vel de triagem/unitizador. PER√?ODO: Nos dias da verifica√ß√£o e os √∫ltimos 30 dias. AMOSTRA: CIEs do per√≠odo e 10% dos objetos para expedi√ß√£o. MARGEM DE TOLER√ÇNCIA: N√£o h√°.",MANDIS 2/4 MANDIS 2/1 ANEXO 4
Lista: 2025 - CDD - LISTA 4 - PRESTA√á√ÉO DE CONTAS E BAIXA,,,,,,
N¬∫,Item de Verifica√ß√£o,Peso,Tipo,NA,Orienta√ß√£o,Refer√™ncia
1,A presta√ß√£o de contas est√° sendo realizada conforme o previsto? Aspectos: Informa√ß√£o e Prioridade,4,N,N,"OBJETIVO DO ITEM: Garantir a correta execu√ß√£o do processo. FORMA DE AVALIAR: 1. Verificar se a baixa √© realizada no mesmo dia da entrega (inclusive interna) ou da tentativa e se s√£o cumpridos todos os procedimentos previstos. 2. Verificar se h√° objetos pendentes de baixa. PONTO DE VERIFICA√á√ÉO: SRO, Sal√£o Operacional e SRO monitor. PER√?ODO: Nos dias da verifica√ß√£o. AMOSTRA: Todos os objetos, AR e listas de todos os distritos. MARGEM DE TOLER√ÇNCIA: N√£o h√°.",MANDIS 2/4 e anexo 2 MANDIS 3/2
2,"As imagens e informa√ß√µes dos objetos registradas no SRO est√£o de acordo com o previsto? Aspectos: Informa√ß√£o e Prioridade.d) n√∫mero do documento do recebedor e hor√°rio da entrega, quando previsto; e) a informa√ß√£o ENTREGUE e o hor√°rio para aqueles objetos registrados que dispensem assinatura; f) motivo de n√£o entrega conforme abreviatura prevista ou anota√ß√µes por extenso. g) caso os objetos sejam para o mesmo endere√ßo, mas n√£o estejam agrupados, deve haver uma assinatura para cada objeto. PONTO DE VERIFICA√á√ÉO: SRO ou SIAD e Arquivo de LOEC. PER√?ODO: 01 dia entre os √∫ltimos 15 dias (incluindo os dias da verifica√ß√£o). AMOSTRA: Todas as LOEC impressas e 01 objeto por distrito com SRO m√≥vel. MARGEM DE TOLER√ÇNCIA: N√£o h√°.",4,N,N,"OBJETIVO DO ITEM: Garantir a correta informa√ß√£o ao cliente. FORMA DE AVALIAR: 1. Nos distritos com SRO M√≥vel rastrear os objetos e observar se: a) a qualidade das imagens permite identifica√ß√£o dos dados conforme o previsto; b) h√° assinatura leg√≠vel do recebedor, quando previsto; c) caso alguma assinatura esteja ileg√≠vel, nome e pelo menos um sobrenome; d) h√° o n√∫mero do documento de identifica√ß√£o do recebedor, quando previsto; e) caso os objetos sejam para o mesmo endere√ßo, mas n√£o estejam agrupados, deve haver uma assinatura e uma imagem distintas para cada objeto. 2. Caso o distrito tenha sa√≠do com LOEC impressa observar, ap√≥s o conferente, se est√£o anotados nas LOEC: a) assinatura leg√≠vel do recebedor, quando previsto; b) caso alguma assinatura esteja ileg√≠vel, nome e pelo menos um sobrenome; c) havendo carimbo com o nome do recebedor/respons√°vel, √© necess√°ria a rubrica/assinatura do recebedor;",MANDIS 3/1 anexo 2 e 3 Cartilha 5Ps
3,Os telegramas e seus servi√ßos adicionais foram corretamente baixados? Aspectos: Informa√ß√£o e Prioridade,4,N,S,"OBJETIVO DO ITEM: Garantir a qualidade na presta√ß√£o do servi√ßo. FORMA DE AVALIAR: 1. Verificar se foram realizadas as baixas no SRO no mesmo dia da entrega ou da tentativa. 2. Considerar N√£o Conforme se: a) o SGM ou o SMT retornarem pesquisa com telegramas ou servi√ßos adicionais C√≥pia Confirmat√≥ria (CC) ou Pedido de Confirma√ß√£o (PC) pendentes de baixa sem que todas as tentativas de entrega previstas estejam registradas no SRO; b) houver registro indevido no SGM de tentativa de entrega ou qualquer evento lan√ßado no SRO com inconsist√™ncia que tenha ocasionado a pend√™ncia de baixa. 3. Considerar NA se a unidade n√£o entregar telegramas. PONTO DE VERIFICA√á√ÉO: SRO, SGM e SMT. PER√?ODO: Pend√™ncias h√° mais de 10 (dez) dias corridos contados da data da verifica√ß√£o. AMOSTRA: 100% dos telegramas. MARGEM DE TOLER√ÇNCIA: N√£o h√°.",MANDIS 2/4 anexo 2 MANCAT 9/1 anexo 2 Cartilha 5Ps
4,"Os documentos dos Malotes, comprovantes e recibos de coleta s√£o preenchidos conforme o previsto? Aspectos: Informa√ß√£o e Prioridade 4. Documentos de Coleta Agendada, Programada e Log√≠stica Reversa: deve constar o motivo por extenso apenas para os casos que precisem de complemento al√©m dos motivos que j√° vem impresso nos formul√°rios. PONTO DE VERIFICA√á√ÉO: Arquivo de LEM, LCM, comprovantes e recibos de Coleta. PER√?ODO: 01 dia entre os √∫ltimos 30 dias incluindo os dias da verifica√ß√£o. AMOSTRA: Todas as listas. MARGEM DE TOLER√ÇNCIA: N√£o h√°.",4,N,S,"OBJETIVO DO ITEM: Garantir a correta informa√ß√£o ao cliente. FORMA DE AVALIAR: 1. Observar, ap√≥s o conferente, se est√£o anotados nas LEM, LCM, comprovantes, recibos e documentos de Coleta (Agendada, Programada e Log√≠stica Reversa): a) assinatura leg√≠vel do recebedor, quando previsto; b) assinatura da pessoa respons√°vel por disponibilizar o Malote ao carteiro; c) havendo carimbo com o nome do recebedor/respons√°vel, √© necess√°ria a rubrica/assinatura do recebedor; d) caso alguma assinatura esteja ileg√≠vel, nome e pelo menos um sobrenome; e) n√∫mero do documento do recebedor e hor√°rio da entrega, quando previsto; f) caso os objetos sejam para o mesmo endere√ßo, mas n√£o estejam agrupados, deve haver uma assinatura para cada objeto. 2. LEM e LCM: √© exigida a anota√ß√£o do respectivo c√≥digo do motivo. No caso do c√≥digo C, dever√° constar o nome e pelo menos um sobrenome do informante. 3. LCM: deve constar o n√∫mero do Malote para cada percurso da lista.",MANDIS 3/1 anexos 2 e 3
5,A baixa dos Malotes no SIGMA √© feita conforme o previsto? Aspectos: Informa√ß√£o e Prioridade,4,N,S,"OBJETIVO DO ITEM: Garantir a correta informa√ß√£o aos clientes. FORMA DE AVALIAR: 1. No dia da verifica√ß√£o, observar no procedimento de baixa no SIGMA: a) a leitura direta dos Malotes n√£o entregues; b) a leitura dos malotes na rotina exporta√ß√£o do SIGMA no mesmo dia da realiza√ß√£o da coleta ou at√© a madrugada do dia seguinte quando a leitura for realizada pelo Centralizador; c) a realiza√ß√£o da baixa no mesmo dia da entrega/coleta (inclusive interna) ou da tentativa. 2. Considerar Conforme a baixa no dia seguinte do percurso que n√£o teve malote coletado. 3. Considerar N√£o Conforme se a baixa no SIGMA estiver diferente do que consta na LCM/LEM. 4. Considerar NA para unidades que n√£o realizam o servi√ßo. PONTO DE VERIFICA√á√ÉO: No sistema SIGMA, arquivos de LCMs e LEMs. PER√?ODO: 2 dias entre os 30 dias anteriores, exceto o dia anterior aos da verifica√ß√£o. AMOSTRA: Todas as LEM/LCM. MARGEM DE TOLER√ÇNCIA: N√£o h√°.",MANDIS 2/4 anexo 2 MANDIS 3/1 anexo 3
6,No retorno dos carteiros √† unidade √© verificado se h√° resto de distribui√ß√£o? Aspectos: Informa√ß√£o e Seguran√ßa,2,N,N,"OBJETIVO DO ITEM: Aumentar o controle na ocorr√™ncia de resto de objetos simples e qualificados. FORMA DE AVALIAR: 1. Observar se o gestor ou pessoa por ele designada verifica as bolsas, ba√∫s de motos, bicicletas el√©tricas e ve√≠culos. 2. A verifica√ß√£o da bolsa deve ser feita de imediato no retorno do carteiro √† unidade. 3. A verifica√ß√£o de motos, bicicletas el√©tricas e ve√≠culos poder√° ser feita ao final do dia. 4. Verificar se a quantidade de malas que retornaram confere com quantidade de DAs lan√ßados no SGPD. 5. Para os ve√≠culos que n√£o permanecem na unidade a verifica√ß√£o deve ser feita no momento da chegada do carteiro. PONTO DE VERIFICA√á√ÉO: Sal√£o Operacional, SGPD e √°rea de guarda ou estacionamento de ve√≠culos. PER√?ODO: Nos dias da verifica√ß√£o. AMOSTRA: 20% dos distritos. MARGEM DE TOLER√ÇNCIA: N√£o h√°.",MANDIS 2/1 anexo 3
7,"Os objetos, que por algum motivo permanecer√£o na unidade, s√£o armazenados de forma a preservar sua seguran√ßa? Aspecto: Seguran√ßa",1,N,N,"OBJETIVO DO ITEM: Evitar o extravio e garantir a integridade dos objetos. FORMA DE AVALIAR:1. Verificar se: a) as encomendas (envelopes e pacotes) e os Malotes foram guardados em unitizador lacrado, arm√°rio/equipamento/local fechado de forma a preservar a sua seguran√ßa; b) nas unidades com CFTV, a carga √© posicionada em local captado constantemente pelas c√¢meras. PONTO DE VERIFICA√á√ÉO: Local definido para a guarda dos objetos. PER√?ODO: Nos dias da verifica√ß√£o. AMOSTRA: 100% dos objetos. MARGEM DE TOLER√ÇNCIA: N√£o h√°.",MANORG 11/6 e 7
Lista: 2025 - CDD - LISTA 5 - GEST√ÉO DA FROTA,,,,,,
N¬∫,Item de Verifica√ß√£o,Peso,Tipo,NA,Orienta√ß√£o,Refer√™ncia
1,Os ve√≠culos sob a guarda da unidade s√£o trancados com chaves e as mesmas s√£o guardadas conforme o previsto?Aspecto: Seguran√ßa,1,N,N,"OBJETIVO DO ITEM: Garantir a seguran√ßa patrimonial.FORMA DE AVALIAR: 1. Verificar se os ve√≠culos sob responsabilidade da unidade est√£o trancados com chaves , inclusive os ba√∫s das motocicletas e bicicletas el√©tricas e o compartimento de carga para os ve√≠culos. 2. Verificar se existe clavicul√°rio ou local restrito para guarda das chaves conforme previsto e se este √© trancado ap√≥s o t√©rmino das atividades. 3. Entende-se por local restrito para guarda das chaves um ponto seguro utilizado para esta finalidade. PONTO DE VERIFICA√á√ÉO: Local de guarda dos ve√≠culos e das chaves. PER√?ODO: Nos dias da verifica√ß√£o. AMOSTRA: No m√≠nimo 20% dos ve√≠culos, at√© o m√°ximo de 30 ve√≠culos. MARGEM DE TOLER√ÇNCIA: N√£o h√°.",MANORG 11/6 e 7 MANTRA 4/1 MANTRA 6/5 anexo 2
2,"Todos os ve√≠culos est√£o com os pneus calibrados? Aspectos: Seguran√ßa e Produtividade. PONTO DE VERIFICA√á√ÉO: √?rea do CDD/CEE. PER√?ODO: Nos dias da verifica√ß√£o. AMOSTRA: Dos ve√≠culos no p√°tio, exceto aqueles em processo de aliena√ß√£o, para a verifica√ß√£o in loco: selecionar 2 ve√≠culos para aferi√ß√£o de calibragem. MARGEM DE TOLER√ÇNCIA: N√£o h√°.",2,N,N,"OBJETIVO DO ITEM: Garantir o desempenho e a seguran√ßa da frota. FORMA DE AVALIAR: 1. Verificar in loco se algum dos ve√≠culos dispon√≠veis no p√°tio da unidade est√° com pneu baixo (vazio), inclusive o estepe. 2. Caso nenhum pneu esteja baixo, aferir a calibragem de dois ve√≠culos, preferencialmente que n√£o tenham rodado no dia da verifica√ß√£o. 3. Considerar Conforme caso: a) a calibragem dos pneus da amostra esteja de acordo com a tabela de calibragem. b) n√£o haja pneu baixo e n√£o seja previsto calibrador devido ao tipo de unidade ou n√£o haja calibrador em funcionamento por motivos alheios √† unidade (problemas estruturais, impossibilidade de manuten√ß√£o etc.) com a devida comprova√ß√£o (OS no helpdesk, SEI etc.). c) o ve√≠culo selecionado tiver rodado no dia da verifica√ß√£o e a calibragem esteja at√© quatro libras acima do previsto na tabela.",MANORG 11/6 e 7 MANTRA 11/5
3,S√£o cumpridos os procedimentos de entrega e libera√ß√£o dos ve√≠culos para os condutores?Aspectos: Seguran√ßa e Produtividade,2,N,N,OBJETIVO DO ITEM: Garantir o cumprimento da legisla√ß√£o vigente. FORMA DE AVALIAR: 1. Verificar se o gestor realiza a entrega da chave e do documento do ve√≠culo. 2. Verificar se o condutor realiza a vistoria dos ve√≠culos pelo Checklist do RDVO. 3. Considerar Conforme caso o condutor registre no RDVO as irregularidades constatadas. PONTO DE VERIFICA√á√ÉO: Local de entrega das chaves e documentos e Correios Frota. PER√?ODO: Nos dias da verifica√ß√£o. AMOSTRA: 10% dos ve√≠culos arredondando para cima. MARGEM DE TOLER√ÇNCIA: N√£o h√°.,MANORG 11/6 e 7 MANTRA 4/1
4,"Os dados dos RDVOs das linhas pr√≥prias da unidade s√£o lan√ßados conforme previsto?Aspectos: Informa√ß√£o, Seguran√ßa e Produtividade",3,N,N,"OBJETIVO DO ITEM: Garantir controle da manuten√ß√£o preventiva na quilometragem prevista. FORMA DE AVALIAR: 1. Verificar no Correios Frota se as quilometragens foram: a) digitadas corretamente; b) lan√ßadas no momento da partida e do retorno. 2. Desconsiderar da amostra os dias que, no per√≠odo avaliado, o Sistema Correios Frota estiver inoperante em √¢mbito nacional (verificar lan√ßamentos em outras 03 regionais). PONTO DE VERIFICA√á√ÉO: Ve√≠culos e Correios Frota. PER√?ODO: Os √∫ltimos 7 dias incluindo os dias da verifica√ß√£o. AMOSTRA: 100% dos lan√ßamentos no per√≠odo e dados de Hod√¥metro de 10 ve√≠culos ou todos se a quantidade for menor que 10. MARGEM DE TOLER√ÇNCIA: N√£o h√°.",MANORG 11/6 e 7 MANTRA 4/1 Cartilha 5 Ps.
5,"Os ve√≠culos s√£o abastecidos de forma a serem recolhidos com, no m√≠nimo, a metade da capacidade do tanque?Aspectos: Seguran√ßa e Produtividade",2,N,N,OBJETIVO DO ITEM: Garantir a disponibilidade da frota. FORMA DE AVALIAR: 1. Observar durante o per√≠odo avaliativo se os ve√≠culos est√£o abastecidos conforme definido (considerar 100% da capacidade do tanque para os ve√≠culos √† diesel e no m√≠nimo 50% da carga da bateria dos ve√≠culos el√©tricos). PONTO DE VERIFICA√á√ÉO: Local de guarda dos ve√≠culos e p√°tio de tr√¢nsito dos ve√≠culos. PER√?ODO: Nos dias da verifica√ß√£o. AMOSTRA: 20% do total de ve√≠culos lotados na unidade. MARGEM DE TOLER√ÇNCIA: N√£o h√°.,MANTRA 4/1 MANTRA 9/1 Cartilha 5 Ps
6,√â realizado o atesto dos abastecimentos dos ve√≠culos da Unidade? Aspecto: Informa√ß√£o,1,N,N,OBJETIVO DO ITEM: Comprova√ß√£o dos abastecimentos para pagamento da fatura √† gerenciadora. FORMA DE AVALIAR: 1. Verificar no ERP se n√£o h√° pend√™ncia de atesto da utiliza√ß√£o do abastecimento. 2. Considerar N√£o Conforme se houver abastecimentos pendentes de atesto no ERP. PONTO DE VERIFICA√á√ÉO: ERP. PER√?ODO: Quinzena anterior √† verifica√ß√£o (01 a 15 ou 16 a 31). AMOSTRA: Todos os abastecimentos. MARGEM DE TOLER√ÇNCIA: N√£o h√°.,MANORG 11/6 e 7 MANTRA 9/1 Cartilha 5Ps
7,"Os ve√≠culos s√£o levados para manuten√ß√£o preventiva conforme programa√ß√£o do CTO? Aspectos: Produtividade, Seguran√ßa e Prioridade.",5,N,N,"OBJETIVO DO ITEM: Garantir o cumprimento das manuten√ß√µes preventivas no prazo. FORMA DE AVALIAR: 1. Verificar a programa√ß√£o de manuten√ß√£o preventiva enviada pelo CTO. 2. Consultar nas RSE se os ve√≠culos informados foram entregues no estabelecimento credenciado indicado pelo CTO na data agendada para manuten√ß√£o ou entregue no CTO conforme orienta√ß√£o do mesmo. PONTO DE VERIFICA√á√ÉO: Arquivos da unidade e Correios Frota. PER√?ODO: √Ä partir da √∫ltima avalia√ß√£o (ou do in√≠cio do ano, caso seja a primeira avalia√ß√£o). AMOSTRA: 100% das manuten√ß√µes preventivas previstas. MARGEM DE TOLER√ÇNCIA: 5% das manuten√ß√µes preventivas previstas.",MANORG 11/6 e 7 MANTRA 11/3 Cartilha 5 Ps.
8,A Requisi√ß√£o de Servi√ßo Externo (RSE) √© preenchida e encaminhada ao CTO conforme previsto? Aspectos: Informa√ß√£o e Seguran√ßa,2,N,S,"OBJETIVO DO ITEM: Garantir a realiza√ß√£o dos servi√ßos solicitados e permitir apura√ß√£o de poss√≠veis danos aos ve√≠culos. FORMA DE AVALIAR: 1. Verificar no sistema Correios Frota a rela√ß√£o das OS finalizadas. 2. Verificar se as RSEs dos ve√≠culos foram preenchidas corretamente, incluindo o DOT dos pneus. 3. Verificar no Correios Frota ou no controle da unidade (protocolo de envio f√≠sico, SEI etc.) se a unidade encaminhou a RSE preenchida para o CTO em at√© um dia √∫til ap√≥s o recebimento do ve√≠culo da oficina. 4. Considerar NA quando os ve√≠culos forem levados √† oficina pelo CTO. PONTO DE VERIFICA√á√ÉO: Arquivos da unidade (email, SEI etc.) e Correios Frota. PER√?ODO: Nos dias da verifica√ß√£o e a partir da √∫ltima avalia√ß√£o (ou do in√≠cio do ano, caso seja a primeira avalia√ß√£o). AMOSTRA: No m√≠nimo 10% das RSEs do m√™s anterior, at√© o m√°ximo de 20 RSEs. MARGEM DE TOLER√ÇNCIA: N√£o h√°.",MANORG 11/6 e 7 MANTRA 11/3 Cartilha 5 Ps.
9,"Os ve√≠culos que apresentam avarias tem o respectivo processo de apura√ß√£o, conforme o previsto? Aspectos: Produtividade e Informa√ß√£o",2,N,N,"OBJETIVO DO ITEM: Garantir disponibilidade da frota e preservar a imagem da Empresa. FORMA DE AVALIAR: 1. Inspecionar a frota visualmente e, caso identifique ve√≠culos avariados, solicitar o Registro de Vistoria e/ou o respectivo processo de apura√ß√£o para os ve√≠culos com avarias n√£o ocasionadas por acidente de tr√¢nsito. 2. Considerar N√£o Conforme caso haja ve√≠culos avariados sem o respectivo processo de apura√ß√£o ou Registro de Vistoria. PONTO DE VERIFICA√á√ÉO: Local de guarda dos ve√≠culos e p√°tio de tr√¢nsito dos ve√≠culos. PER√?ODO: Nos dias da verifica√ß√£o. AMOSTRA: Todos os ve√≠culos sob responsabilidade da unidade. MARGEM DE TOLER√ÇNCIA: N√£o h√°.",MANORG 11/6 e 7 MANPAT 1/2 MANPAT 5/4
10,O contenitor do ve√≠culo Mobi est√° corretamente instalado? Aspectos: Seguran√ßa e Produtividade,2,N,S,"OBJETIVO DO ITEM: Atender √† legisla√ß√£o de tr√¢nsito e garantir a seguran√ßa da carga. FORMA DE AVALIAR: 1. Verificar em todos os ve√≠culos Mobi se o contenitor est√° instalado, funcional e em bom estado de conserva√ß√£o. 2. Considerar NA caso n√£o haja ve√≠culos desse modelo na unidade. PONTO DE VERIFICA√á√ÉO: Local de guarda dos ve√≠culos e p√°tio de tr√¢nsito dos ve√≠culos. PER√?ODO: Nos dias da verifica√ß√£o. AMOSTRA: Todos os ve√≠culos Mobi dispon√≠veis. MARGEM DE TOLER√ÇNCIA: N√£o h√°.",MANORG 11/6 e 7 MANSEG 3/3
11,"S√£o realizadas as verifica√ß√µes previstas para as linhas de transporte de carga (LTN, LTR e LTU)? Aspectos: Seguran√ßa e Informa√ß√£o",2,N,S,"OBJETIVO DO ITEM: Garantir a seguran√ßa e a assiduidade das linhas de transporte de carga. FORMA DE AVALIAR: 1. Observar se s√£o realizadas as verifica√ß√µes previstas no momento da apresenta√ß√£o/parada do ve√≠culo na unidade (confer√™ncia, desembarque, embarque e libera√ß√£o da linha) por tipo da unidade (origem, intermedi√°ria e final da linha). 2. Considerar NA para as unidades integradas em Centros de Tratamento (complexo operacional). PONTO DE VERIFICA√á√ÉO: √?rea de Carga e Descarga e Portaria (se houver). PER√?ODO: Nos dias da verifica√ß√£o. AMOSTRA: Verificar no momento de maior fluxo de linhas (LTN, LTR e LTU) na unidade. MARGEM DE TOLER√ÇNCIA: N√£o h√°.",MANORG 11/6 e 7 MANTRA 2/2 MANTRA 3/2 MANTRA 4/2
12,"Todos os dados relativos ao lan√ßamento das linhas contratadas (LTN, LTR e LTU) s√£o registrados (apontados) no TMS - RDVO Digital, conforme o previsto? Aspecto: Informa√ß√£o",1,N,S,"OBJETIVO DO ITEM: Garantir o registro correto das informa√ß√µes das linhas de transporte de carga. FORMA DE AVALIAR: 1. Observar se os RDVOs foram preenchidos corretamente (hor√°rios de chegada e sa√≠da, hod√¥metros, cargas e ocorr√™ncias) conforme o previsto. 2. Desconsiderar as linhas de transfer√™ncia de carga, executadas com ve√≠culo pr√≥prio, para as quais deve ser utilizado o Correios Frota. 3. Considerar NA para as unidades integradas em Centros de Tratamento (complexo operacional). PONTO DE VERIFICA√á√ÉO: RDVO f√≠sico ou digital (TMS). PER√?ODO: Nos √∫ltimos 15 dias anteriores √† verifica√ß√£o. AMOSTRA: RDVOs de 2 dias. MARGEM DE TOLER√ÇNCIA: N√£o h√°.",MANORG 11/6 e 7 MANTRA 2/2 MANTRA 3/2 MANTRA 4/2 Sistema TMS Cartilha 5Ps CTO
13,A Unidade adotou as a√ß√µes corretivas apontadas no relat√≥rio de visita do CTO?Aspectos: Seguran√ßa e Produtividade.,2,N,S,"OBJETIVO DO ITEM: Garantir a gest√£o da frota e o controle da utiliza√ß√£o dos recursos de transporte. FORMA DE AVALIAR: 1. Solicitar ao gestor da unidade o n√∫mero do processo no SEI com o relat√≥rio da visita do CTO com a ci√™ncia da unidade no semestre anterior e verificar se foram adotadas as a√ß√µes previstas para cada irregularidade registrada. 2. Considerar Conforme se as a√ß√µes corretivas estiverem dentro do prazo e registradas no SEI. 3. Considerar NA se n√£o houve a visita do CTO √† unidade. PONTO DE VERIFICA√á√ÉO: Arquivo da unidade e SEI. PER√?ODO: Frequ√™ncia prevista no MANTRA, conforme quantidade de ve√≠culos. AMOSTRA: Relat√≥rio de visita do CTO. MARGEM DE TOLER√ÇNCIA: N√£o h√°.",MANORG 11/6 e 7MANTRA 6/9
